id,repo,sha,date,cat,subject,files,nfiles,diff_lines,before_chars,after_chars,delta
hyperium__hyper__ccc1e850,hyperium/hyper,ccc1e850dc0cda3e71b0acd11f60ca3d48d09034,2026-07-07,nonfix,feat(rt): add `ReadBufCursor::initialized_unfilled()` method (#4115),src/rt/io.rs,1,40,642,1829,1187
pyo3__pyo3__63430bf4,pyo3/pyo3,63430bf4302f64e28c4d633606c563cfb3999f77,2025-10-01,nonfix,Add conversions for `jiff::civil::ISOWeekDate` (#5478),src/conversions/jiff.rs,1,47,283,955,672
rust-random__rand_core__dace7fc0,rust-random/rand_core,dace7fc0c70c08a7dc40ee8a11d7bc7eeb108c4b,2025-05-28,nonfix,"Add some tests for BlockRng, BlockRng64 and Xoshiro RNGs (#1639)",src/block.rs,1,29,1012,1804,792
servo__rust-smallvec__e96793e5,servo/rust-smallvec,e96793e571a84a0e98656c2cf1361c324f29bd3b,2017-06-22,nonfix,impl std::io::Write for SmallVec,lib.rs,1,39,1046,1813,767
rwf2__Rocket__7f34aacd,rwf2/Rocket,7f34aacd6099acff15a450713c6edfe9584bb803,2021-06-26,nonfix,"Add 'Missing', 'IndexFile' 'FileServer' options.",core/lib/src/fs/server.rs,1,84,2251,3268,1017
fadeevab__cocoon__975bb773,fadeevab/cocoon,975bb773083751f6d7c31fb8f482fc9485ab86c0,2020-07-02,nonfix,Test header modification (negative test),src/header.rs,1,25,568,1512,944
awslabs__tough__3d75feed,awslabs/tough,3d75feed124339b3b5bccd1d81478181f39f22a9,2019-11-08,nonfix,tuftool: Add `root expire` subcommand,tuftool/src/root.rs,1,33,1103,1854,751
nix-rust__nix__9113d606,nix-rust/nix,9113d606be7104585164718e81d2cc663c26df29,2023-12-10,nonfix,feat: EventFd type (#1945),src/sys/epoll.rs|src/sys/eventfd.rs,2,77,209,1405,1196
skytable__skytable__d22fec80,skytable/skytable,d22fec8036999d86df45e5d996fb7e9895cc8d72,2021-05-10,nonfix,Implement complete actiongroup parsing,server/src/protocol/parserv2.rs,1,22,889,1598,709
waycrate__swhkd__067cbe28,waycrate/swhkd,067cbe284381597c0761a0a7a17cd06cbcfbc21b,2022-02-05,nonfix,feat: add handling for multiline commands,src/config.rs,1,29,4236,4867,631
paritytech__parity-ethereum__5bd6b208,paritytech/parity-ethereum,5bd6b208af94efe87c20a1931c3e7896543c402e,2020-01-06,nonfix,Forward-port #11356 (#11359),ethcore/verification/src/queue/kind.rs|ethcore/verification/src/queue/mod.rs,2,27,1511,2281,770
servo__rust-smallvec__946aab6a,servo/rust-smallvec,946aab6ae43f6dc0bd0974d4d7a365e07f2ee5e6,2016-05-23,nonfix,"Implement PartialEq, Eq, PartialOrd, Ord on SmallVec.",lib.rs,1,63,376,1630,1254
tafia__calamine__60edea63,tafia/calamine,60edea63621596f71ba60fe9fea64cf213992258,2016-10-24,nonfix,remove unexp! and parse dimension from bytes,src/lib.rs,1,116,7636,8375,739
crossbeam-rs__crossbeam__d0c8fc1c,crossbeam-rs/crossbeam,d0c8fc1ccc998790f92ddcd43b765e78db5a38fa,2020-04-19,nonfix,Add len() methods to deque,crossbeam-deque/src/lib.rs,1,70,200,1467,1267
tokio-rs__axum__9fab45af,tokio-rs/axum,9fab45af46bc8bc7ca79566e45a14f86ed03305e,2024-12-02,nonfix,Make ConnectInfo work with ListenerExt::tap_io (#3059),axum/src/extract/connect_info.rs|axum/src/serve.rs|axum/src/serve/listener.rs,3,51,3007,4384,1377
jeromefroe__lru-rs__1bd2214f,jeromefroe/lru-rs,1bd2214fd82445c7b6ab90e8d063698f69f694d8,2022-05-17,nonfix,Add LruCache::pop_entry method,src/lib.rs,1,61,626,1659,1033
tokio-rs__tokio__a0240717,tokio-rs/tokio,a02407171a3f1aeb86e7406bcac9dfb415278308,2024-05-19,nonfix,task: clarify that you can't abort `spawn_blocking` tasks (#6571),tokio/src/runtime/task/abort.rs|tokio/src/runtime/task/join.rs|tokio/src/task/blocking.rs|tokio/src/task/mod.rs,4,41,6705,7621,916
rust-lang__futures-rs__37dfb05b,rust-lang/futures-rs,37dfb05b6c9414ede608d61e4c4507cd7c148038,2021-09-03,nonfix,Remove implicit clear in `ReadyToRunQueue::drop` (#2493),futures-util/src/stream/futures_unordered/mod.rs|futures-util/src/stream/futures_unordered/ready_to_run_queue.rs,2,36,1841,3097,1256
time-rs__time__cccc2c08,time-rs/time,cccc2c088284fdb52e9ec378d8c435f9becad216,2026-05-31,nonfix,Directly construct owned variants when parsing v3,time/src/format_description/parse/format_item.rs|time/src/format_description/parse/mod.rs,2,80,910,1887,977
diesel-rs__diesel__85902e3d,diesel-rs/diesel,85902e3dd0fab4b32a8734639f0b540b7f6b3e46,2023-01-16,nonfix,actually allow conn to recover transaction state (somewhat unrelated),diesel/src/connection/transaction_manager.rs|diesel/src/pg/connection/raw.rs,2,10,6869,7540,671
rust-embedded__heapless__fe265042,rust-embedded/heapless,fe2650423e457ca0d46980d18fc581f279d897a7,2018-05-08,nonfix,Rewrite Vec::IntoIter to avoid reversing it,src/vec.rs,1,110,1327,2267,940
dfinity__stable-structures__2074af92,dfinity/stable-structures,2074af92fee73d0d1364d00adcb8ab81e9f0e107,2025-07-08,nonfix,perf: add batch read of BTreeMap node children addresses (#364),src/btreemap/node.rs|src/btreemap/node/v2.rs|src/lib.rs,3,49,3147,4402,1255
rkyv__rkyv__8c1a8865,rkyv/rkyv,8c1a8865337689a817da321b04e45b672560d797,2024-03-22,nonfix,Gate problematic impls behind extra_traits,rkyv/src/option.rs|rkyv/src/result.rs,2,13,944,1733,789
bennetthardwick__nano-arena__c8ed3111,bennetthardwick/nano-arena,c8ed3111904b15251f8d701392422f2e6a2715ab,2020-05-07,nonfix,Add debug printing,src/lib.rs,1,25,382,997,615
rust-lang__cargo__5382aa65,rust-lang/cargo,5382aa650aecffb73f19eaa5ec73345ad1a1b9d2,2021-05-20,nonfix,Add rustc-link-arg-bin key to specify per-bin link args.,src/cargo/core/compiler/custom_build.rs|src/cargo/core/compiler/mod.rs,2,22,7712,8672,960
hyperium__tonic__94587ce2,hyperium/tonic,94587ce2fc05d2fbede4d5a889c1ccf446286a13,2024-11-26,nonfix,feat(reflection): Expose ReflectionService (#2066),tonic-reflection/src/server/v1.rs|tonic-reflection/src/server/v1alpha.rs,2,82,6808,7708,900
svix__svix-webhooks__d12accaf,svix/svix-webhooks,d12accaf91eec92fc231ecf6751717f7b307626c,2026-07-31,nonfix,svix-cli(wizard): small refactor on login to have reusable functions,svix-cli/src/cmds/login.rs,1,58,1729,2430,701
chris-morgan__anymap__6bd64ec0,chris-morgan/anymap,6bd64ec0703e63441de187902de9f272c59f47cc,2014-06-12,nonfix,Switch from SipHash to a faster TypeId hasher.,src/lib.rs,1,37,163,768,605
tiby312__reorder__2fc5eeb2,tiby312/reorder,2fc5eeb26541565b82a6a34feaa8f925fb53ba90,2019-01-08,nonfix,cleanup,src/lib.rs,1,36,415,1039,624
tokio-rs__slab__864e745b,tokio-rs/slab,864e745b8907f8fce197c8e5aceadace2c237c76,2015-07-20,nonfix,Implement replace_with method,src/lib.rs,1,45,603,1704,1101
skytable__skytable__133400b8,skytable/skytable,133400b8464c1c33f5e9cc74db1cd360b2ec6c31,2021-07-29,nonfix,Only run mutating DDL queries if state is okay,server/src/queryengine/ddl.rs,1,111,5191,5989,798
Chopinsky__byte_buffer__6aa016a1,Chopinsky/byte_buffer,6aa016a1b6521398996714db8e8d9fef0c8fa5c6,2019-08-08,nonfix,many updates and test,sync_pool/src/utils.rs,1,64,789,1985,1196
rust-lang__cargo__7ca522ae,rust-lang/cargo,7ca522ae2f803e89e5f12ae5a681ec9681fb56fd,2022-03-04,nonfix,Remove some dead code in SourceMap,src/cargo/core/source/mod.rs,1,20,414,1243,829
andrewhickman__id-map__d5eeba5b,andrewhickman/id-map,d5eeba5b914f664e47b2502a1b883c5cad89f3f6,2017-06-12,nonfix,add mutable iterators,src/lib.rs|src/tests.rs,2,77,729,1422,693
stellar__rs-stellar-strkey__f7b19e19,stellar/rs-stellar-strkey,f7b19e19c9b940055062aecd25a1d489fde77317,2026-05-11,nonfix,Warn when CLI outputs private keys (#116),src/cli/decode.rs|src/cli/encode.rs|src/cli/mod.rs,3,38,2469,3218,749
hrektts__cdr-rs__ef391261,hrektts/cdr-rs,ef391261a3a7ecaa49456528770d8c98a4dd7098,2021-03-21,nonfix,Char type must have a length of one,src/de.rs|src/error.rs|src/ser.rs|src/size.rs,4,50,2662,3280,618
fadeevab__cocoon__e15f8a4c,fadeevab/cocoon,e15f8a4c40b3e65bae708e36129c2f44f45d7d25,2020-05-27,nonfix,Cover header with unit-tests,src/header.rs,1,101,2291,3054,763
GitoxideLabs__gitoxide__86e90d86,GitoxideLabs/gitoxide,86e90d8626c01613220ae88100eb3815b31f30ef,2026-08-06,nonfix,Align line numbers in output and start `gix blame` from worktree contents,gitoxide-core/src/repository/blame.rs,1,49,2114,3560,1446
rust-openssl__rust-openssl__3291ea16,rust-openssl/rust-openssl,3291ea16ef45f5d5632159137ff3e9ce8e114ecd,2024-08-31,nonfix,add basic EVP_KDF bindings,openssl-sys/src/handwritten/kdf.rs|openssl-sys/src/handwritten/params.rs|openssl-sys/src/handwritten/types.rs,3,20,375,1140,765
SolraBizna__outer_cgi__43cd9f1b,SolraBizna/outer_cgi,43cd9f1b67f30f36472eea5c94d8bc3a58892d85,2018-09-02,nonfix,How long was THAT mistake there?,src/unix.rs,1,8,2723,2725,2
Cisco-Talos__clamav__53149734,Cisco-Talos/clamav,531497348592ad42125e2edc90b9254e6a3faea7,2025-08-18,nonfix,Update generated sys.rs file,libclamav_rust/src/sys.rs,1,132,3559,3559,0
tokio-rs__prost__38533efe,tokio-rs/prost,38533efe19633391b84bf6b36cb9c225d562a017,2024-12-06,nonfix,Make `key_len` and `encoding_len_varint` const (#1199),prost/src/encoding.rs|prost/src/encoding/varint.rs,2,6,447,457,10
rust-lang__cargo__22754b16,rust-lang/cargo,22754b16ad079cbeb116557d2e9a5120230f3b9f,2026-09-01,nonfix,refactor(network): Pull out constants,src/util/network/retry.rs,1,8,217,233,16
coreos__coreos-installer__230afbe8,coreos/coreos-installer,230afbe857205a2e742757764f13d5d2fc67945b,2021-09-10,nonfix,"osmet: consistently use ""xzpacked_image"" term",src/osmet/mod.rs,1,16,4384,4398,14
droundy__internment__546142b2,droundy/internment,546142b27293f1db7c4eb8d9935e936ae65aeccc,2018-02-18,nonfix,use HashSet on ArcIntern to avoid Clone and be more efficient,src/lib.rs,1,35,1602,1647,45
RustCrypto__stream-ciphers__ed9dfee6,RustCrypto/stream-ciphers,ed9dfee6238ed2ebeb9113a7bb2b81713fb40eec,2019-10-22,nonfix,chacha20 v0.2.2,chacha20/src/block/mod.rs|chacha20/src/cipher.rs|chacha20/src/lib.rs,3,12,345,345,0
icedland__iced__cef183b9,icedland/iced,cef183b92baa53ba282a4cafba5a49bccea88447,2021-10-05,nonfix,Check if a64 before if is-64bit,src/rust/iced-x86/src/decoder.rs,1,46,1906,1938,32
constantoine__totp-rs__fe2363c7,constantoine/totp-rs,fe2363c77bb05a480b9d836a3ac47e4a714a7362,2022-08-08,nonfix,TOTP::new checks digits value compliance to rfc,src/lib.rs|src/rfc.rs,2,21,3633,3657,24
mcginty__snow__79b2aebb,mcginty/snow,79b2aebb564af8d87b130f5dece69fc48624dd17,2019-05-01,nonfix,reduce Session memory footprint after handshake by heap allocating (#52),src/session.rs,1,8,1247,1268,21
chris-morgan__anymap__8e12affa,chris-morgan/anymap,8e12affa595cc5e1e580e376fae9bc03d4fe0acb,2015-02-04,nonfix,0.9.10: Rust update,src/lib.rs,1,19,1858,1865,7
rust-vmm__vmm-sys-util__774eb113,rust-vmm/vmm-sys-util,774eb11317e59751d8eb42a549e1f2d2a804d57d,2019-09-05,nonfix,signal: Use c_int as signal number type,src/signal.rs,1,6,1576,1582,6
waycrate__swhkd__343e5c74,waycrate/swhkd,343e5c74da028a1826830a38ad34e41edd028eb4,2022-02-13,nonfix,refactor: convert another if block into guard clause,src/config.rs,1,45,7420,7436,16
NilsIrl__MozWire__ebf05d26,NilsIrl/MozWire,ebf05d2667e92e85a3d94eb3eb08520b6e7c416b,2022-06-18,nonfix,Improve help message for device-remove,src/main.rs,1,4,8519,8537,18
tokio-rs__prost__067e2595,tokio-rs/prost,067e259518dc35f945c31832b522c6f1c47e17c7,2020-01-11,nonfix,Update derive to not require bytes,prost-derive/src/lib.rs|src/lib.rs,2,11,1355,1383,28
graphql-rust__juniper__4884aeca,graphql-rust/juniper,4884aeca9a178cde4407af73b4b7d9a3cbb10cec,2025-05-23,nonfix,Leverage `derive_more::IntoIterator`,juniper/src/executor/look_ahead.rs|juniper/src/value/object.rs,2,34,4326,4328,2
LFDT-Lockness__cggmp21__b3bcc205,LFDT-Lockness/cggmp21,b3bcc2053ea785226d0cd0e1d5597066b74857e5,2025-08-18,nonfix,update paillier_encryption_in_range_with_el_gamal zkp to match ranges from cggmp24,paillier-zk/src/paillier_encryption_in_range_with_el_gamal.rs,1,16,4243,4275,32
http-rs__async-h1__0cad5b4d,http-rs/async-h1,0cad5b4d2007a77187f41de6439957ce2416155e,2020-07-04,nonfix,fixup function signatures,src/client/encode.rs|src/server/encode.rs|src/server/mod.rs,3,6,358,374,16
websockets-rs__rust-websocket__7df7e2d4,websockets-rs/rust-websocket,7df7e2d49e1a463320e2603c4d679447224906b4,2015-04-02,nonfix,"copy_memory(d, s) -> copy_memory(s, d)",src/header/accept.rs|src/header/key.rs,2,6,1362,1362,0
sharkdp__bat__563c4c29,sharkdp/bat,563c4c290d2ab85e3894c9ef7f481e1187a016b0,2025-07-10,nonfix,Consistent spaces in `quote!` invocations,build/syntax_mapping.rs,1,8,265,268,3
metrics-rs__metrics__d107504f,metrics-rs/metrics,d107504fce1767d849c8306a3ad28a6c6ff21a09,2021-07-15,nonfix,update,metrics-exporter-prometheus/src/builder.rs,1,5,3860,3898,38
otake84__messagepack-rs__8cc32043,otake84/messagepack-rs,8cc320439bee186ac0847442c5149e059c109a05,2019-08-01,nonfix,Add Seek Constraint,src/deserializable.rs|src/value.rs,2,18,8329,8378,49
tauri-apps__tauri__b5ef603d,tauri-apps/tauri,b5ef603d84bd8044625e50dcfdabb099b2e9fdd9,2025-11-16,nonfix,chore(deps): update NSIS to 3.11 (#14478),crates/tauri-bundler/src/bundle/windows/nsis/mod.rs,1,9,837,837,0
rosenpass__rosenpass__fec9b451,rosenpass/rosenpass,fec9b451291b8e0dcc2f3aed48d14b28393349d2,2026-08-19,nonfix,use `secret_policy_try_use_memfd_secrets` in tests instead of `secret_policy_use_only_malloc_secrets` due to incompatibl,rosenpass/src/internal/secret_memory/secret.rs|rosenpass/src/internal/secret_memory/serialization.rs|rosenpass/src/internal/wireguard_broker/api/server.rs|rosenpass/src/internal/wireguard_broker/brokers/netlink.rs,4,19,2413,2435,22
paritytech__parity-ethereum__1871275e,paritytech/parity-ethereum,1871275ecdf02431bf67d09a1b25be8ff8916e3a,2019-02-26,nonfix,Refactor ethcore::client::TransactResult to use it inside std::result::Result (#10366),ethcore/src/client/evm_test_client.rs|ethcore/src/client/mod.rs|ethcore/src/json_tests/state.rs|evmbin/src/info.rs,4,104,6803,6810,7
awslabs__tough__4e592934,awslabs/tough,4e592934130a9bc6e5750a958f0a12af59f7abec,2019-11-05,nonfix,tough: Don't fail early when there's more to be done,tough/src/lib.rs,1,5,6644,6681,37
rust-random__rand_core__efcd06fc,rust-random/rand_core,efcd06fc6c94aaf8d89959a967ac8d2766559fa8,2026-01-23,nonfix,Re-export `Infallible` (#56),src/lib.rs,1,6,526,540,14
solana-labs__rbpf__dd1ecc09,solana-labs/rbpf,dd1ecc095d7312045219d04e07463eb0e22c2f56,2023-09-25,nonfix,jit: correctly load the StableResult discriminant in emit_result_is_err (#514),src/jit.rs|src/vm.rs,2,20,973,1008,35
uutils__coreutils__cfbfccb1,uutils/coreutils,cfbfccb1adda52316bca063ea242a791cb2e35da,2026-08-05,nonfix,cut: return early if invalid arg combinations,src/uu/cut/src/cut.rs,1,44,4323,4346,23
maciejhirsz__beef__64b7812a,maciejhirsz/beef,64b7812a3e10524a64404a47551e59a1a4b0f195,2020-03-14,nonfix,Cast fat raw pointers to thin raw pointers without going through refs (#9),src/lib.rs,1,16,235,249,14
rusqlite__rusqlite__280df961,rusqlite/rusqlite,280df96145f648350828ddbb210475530b21f6e9,2025-02-12,nonfix,Remove unused DerefMut impl,src/serialize.rs,1,11,304,341,37
CosmWasm__serde-json-wasm__1d82dcda,CosmWasm/serde-json-wasm,1d82dcdac4704359caa848467cd9392ba0969a8d,2021-01-14,nonfix,s/backslash/contains_backslash/ for clarity,src/de/mod.rs,1,6,1236,1263,27
otake84__messagepack-rs__bae74b64,otake84/messagepack-rs,bae74b64ad1b2ee68365768b4a3a027b2294c499,2019-07-18,nonfix,Add Int64 to Value,src/value.rs,1,7,260,276,16
rust-vmm__vmm-sys-util__1ec2f9da,rust-vmm/vmm-sys-util,1ec2f9da2b11925f7c648cfba37a2459dbdca603,2019-10-16,nonfix,fam: macro to impl FamStruct also takes entries field name,src/fam.rs,1,9,360,372,12
return__branca__347a6b7c,return/branca,347a6b7caa81b51323f004c68fce9f4f6c13c516,2018-12-29,nonfix,branca: clarify expect message.,src/lib.rs,1,4,3986,4026,40
crossbeam-rs__crossbeam__6bda4f11,crossbeam-rs/crossbeam,6bda4f1186984a2b7d0e665a9f8922ba7e227571,2018-09-11,nonfix,Use custom callback type,src/internal/select.rs,1,116,2186,2204,18
rust-vmm__vm-memory__803d1daf,rust-vmm/vm-memory,803d1daf65de5885ee48bf24ac0bd8fc838f88df,2020-01-23,nonfix,[mmap_unix] remove dependency on tempfile,src/mmap_unix.rs,1,9,3906,3934,28
time-rs__time__3d0b9813,time-rs/time,3d0b981381de87d2be924129af3fdb9626bfe049,2025-03-04,nonfix,Add parentheses for clarity,time/src/date.rs|time/src/month.rs,2,8,939,986,47
KizzyCode__tiny_future-rust__8c58d017,KizzyCode/tiny_future-rust,8c58d01763b11c231a065279235e7c4d8048b082,2018-03-06,nonfix,Allow `FnOnce` as accessor,src/lib.rs,1,4,385,389,4
rustls__rustls__fcc66318,rustls/rustls,fcc66318740c1ea233cdcd1f5ebdfc96bf4a57a7,2026-02-08,nonfix,server: inline ExtensionProcessing::process_tls12(),rustls/src/server/hs.rs,1,68,1972,1722,-250
kamadak__exif-rs__8a853122,kamadak/exif-rs,8a853122acc790c3e0be5111012092600bfc01ef,2020-02-29,nonfix,Call Reader::read_raw from read_from_container.,src/reader.rs,1,11,949,666,-283
tokio-rs__axum__df55d83f,tokio-rs/axum,df55d83f2984306994725b46a461aaa1e354e29e,2025-05-06,nonfix,Further refactor `json_content_type` (#3340),axum/src/json.rs,1,24,509,417,-92
apache__incubator-teaclave-sgx-sdk__e823b960,apache/incubator-teaclave-sgx-sdk,e823b960ae7e11e47c002f1fdfc92272c5063a45,2020-12-29,nonfix,cov: remove redundent line,sgx_cov/lib.rs,1,4,2163,1948,-215
multiformats__rust-multihash__3fb4ae31,multiformats/rust-multihash,3fb4ae31c475dca9ce02e75188de764fb74a08c7,2021-10-28,nonfix,Resolve feedback,src/error.rs|src/multihash.rs,2,18,1233,1036,-197
paritytech__parity-ethereum__6e34ee68,paritytech/parity-ethereum,6e34ee68372591e2f8eca1a488b2512c3717b3ed,2019-11-22,nonfix,Don't prune ancient state when instantiating a Client (#11270),ethcore/src/client/client.rs,1,7,4442,4274,-168
cassandra-rs__cassandra-rs__dfc5d793,cassandra-rs/cassandra-rs,dfc5d793d5f683864bcbec235901d85cfaed1c35,2017-07-27,nonfix,Miscellaneous tidyups.,src/cassandra/cluster.rs|src/cassandra/column.rs|src/lib.rs,3,5,278,220,-58
fastly__lucet__a6db2c04,fastly/lucet,a6db2c04d56a5e97e00e69337c3ce674a8753235,2019-11-26,nonfix,remove some unnecessary cloning in `#[lucet_hostcall]`,lucet-runtime/lucet-runtime-macros/src/lib.rs,1,8,3538,3486,-52
polkadot-evm__frontier__0b524e8b,polkadot-evm/frontier,0b524e8bd6c2b38ac776d6601e413f66854dfb22,2024-05-07,nonfix,Use EVMFungibleAdapter as default implementation (#1416),frame/evm/src/lib.rs,1,32,1306,1169,-137
servo__rust-smallvec__b3fbc211,servo/rust-smallvec,b3fbc2110f608720d90244c310968d42e9a53e49,2019-10-19,nonfix,Use SliceIndex trait for SmallVec's Index trait (#166),lib.rs,1,33,250,175,-75
rwf2__Rocket__a811a181,rwf2/Rocket,a811a1810d17c8d9802fe7d96f9a722c4ded399e,2024-05-02,nonfix,Support sqlx_sqlite extensions in db_pools.,contrib/db_pools/lib/src/config.rs|contrib/db_pools/lib/src/database.rs|contrib/db_pools/lib/src/lib.rs|contrib/db_pools/lib/src/pool.rs,4,31,2436,2922,486
LFDT-Lockness__cggmp21__60ef2c5b,LFDT-Lockness/cggmp21,60ef2c5b5b10876af50af5b30cbae3349abdf8d8,2023-10-16,nonfix,Add method to read signature from bytes and raw parts,cggmp21/src/signing.rs,1,56,1377,1690,313
fltk-rs__fltk-rs__75ba2c6d,fltk-rs/fltk-rs,75ba2c6da4f70e93ee938bbe42c79686cc712159,2025-10-22,nonfix,fltk-sys: Add support for linking for OpenBSD targets,fltk-sys/build/link.rs,1,6,7295,7538,243
tafia__calamine__73907300,tafia/calamine,73907300b990250f4106011b7309488e6aad57c2,2018-12-14,nonfix,add Cells iterator and impl ExactSizeIterator when possible,src/lib.rs,1,43,372,666,294
chris-morgan__anymap__8c1b4578,chris-morgan/anymap,8c1b4578cc1e307a7e7fff6152fc904c4e8d4371,2014-06-12,nonfix,Skip type checking in from-Any casting.,src/lib.rs,1,46,685,1193,508
matrix-org__vodozemac__e1ead593,matrix-org/vodozemac,e1ead593436ef7ebd9d8795a19477d439434e179,2021-12-16,nonfix,refactor(keys): Introduce constant for curve25519 key length.,src/account/types.rs,1,25,1203,1448,245
cloudflare__odoh-rs__913f4059,cloudflare/odoh-rs,913f4059ba60778c019da5a5df3774dbdf33964d,2021-04-29,nonfix,expose some internal data,src/protocol.rs,1,25,398,927,529
CosmWasm__serde-json-wasm__f8106f36,CosmWasm/serde-json-wasm,f8106f363c20c52f8e314f0b3dd3684684dc5d76,2021-01-15,nonfix,Add extra Unit ser/de tests,src/ser/mod.rs,1,7,1667,1958,291
denoland__deno__e004dacb,denoland/deno,e004dacbdd91765a8dc1b5e90d7ca3b17f9080a3,2026-07-22,nonfix,"refactor(web,core): migrate ext/web/blob.rs off serde_v8 (#36231)",ext/web/blob.rs|libs/core/convert.rs,2,44,2545,2834,289
dimforge__nalgebra__546d06b5,dimforge/nalgebra,546d06b541ea82d5fd975946b3b26db9bd97b18c,2024-03-19,nonfix,Update src/base/storage.rs,src/base/storage.rs,1,8,3803,4270,467
tokio-rs__tokio__6d25a001,tokio-rs/tokio,6d25a00145d0dfed10c93eb37704fde88967341c,2023-06-25,nonfix,fs: update cfg attr in `fs::read_dir` (#5806),tokio/src/fs/read_dir.rs,1,12,1425,1625,200
rust-lang__git2-rs__0454efba,rust-lang/git2-rs,0454efbaa0447a1d02eb11459a7db5e1c27d98e0,2021-06-01,nonfix,add bindings for `git_branch_name_is_valid` (#715),libgit2-sys/lib.rs|src/branch.rs,2,21,885,1237,352
longshorej__conqueue__5c6614c8,longshorej/conqueue,5c6614c88060595bffcf26532da4ad57f9ec1b4d,2019-09-03,nonfix,Use compare_exchange instead of compare_and_swap,src/lib.rs,1,145,3044,3569,525
antonmarsden__toodee__0438aa34,antonmarsden/toodee,0438aa34fb7ea31098cbbefe5c16df3aa91c0693,2020-05-25,nonfix,"Some improved implementations, and more test cases",src/copy.rs|src/ops.rs|src/tests.rs|src/tests_copy.rs,4,72,4522,4783,261
ogham__rust-users__56e5e17b,ogham/rust-users,56e5e17bf43a643302a7c2c335f5bac54cae2dc7,2016-01-28,nonfix,Add missing impl for BSD extras,src/base.rs,1,30,976,1222,246
blackbeam__rust-marc__ecacfbfd,blackbeam/rust-marc,ecacfbfd238061cc9bd79903106315d4b851f4eb,2023-04-06,nonfix,Add xml and utf8 errors,src/errors.rs,1,12,1544,1815,271
contain-rs__linked-hash-map__22f8eddd,contain-rs/linked-hash-map,22f8eddd7c5af1bf40a4b53225a390246f5dbb7c,2015-03-18,nonfix,add borrowed key lookups to `LinkedHashMap`,src/lib.rs,1,93,2174,2525,351
awslabs__tough__7f56ccd0,awslabs/tough,7f56ccd0f7b97c21a911456aa3c8b69909ee8237,2020-08-20,nonfix,Added support to append signatures to root.json on multiple runs of the root sign command #214,tough/src/editor/signed.rs|tuftool/src/root.rs,2,29,3111,3700,589
rust-openssl__rust-openssl__f83ed2e0,rust-openssl/rust-openssl,f83ed2e0746807cf8d251c01f7a92819118c2df3,2020-09-28,nonfix,"Add some X509_REVOKED bindings, make extensions field public",openssl-sys/src/x509.rs,1,7,351,624,273
robbepop__string-interner__259cf1f3,robbepop/string-interner,259cf1f3794497f8eee35d498240ba8ad6c5aaf1,2021-10-26,nonfix,add shortcuts for encode and decode of variable encoded usize,src/backend/buffer.rs,1,9,704,969,265
tu6ge__oss-rs__e17892d3,tu6ge/oss-rs,e17892d3f1cd279a349b0c741f19a97dfed38637,2023-04-10,nonfix,test(decode),src/traits.rs,1,44,1771,2349,578
paritytech__parity-ethereum__3b23c2e8,paritytech/parity-ethereum,3b23c2e86d09a8a8b8cd99dfa02390177498e6b7,2019-02-03,nonfix,Additional tests for uint deserialization. (#10279),rpc/src/v1/types/bytes.rs|rpc/src/v1/types/hash.rs|rpc/src/v1/types/uint.rs,3,10,2684,2900,216
otake84__messagepack-rs__c7266b52,otake84/messagepack-rs,c7266b5279c7363633984717db38952ec7e861aa,2019-07-25,nonfix,Implement deserialize for Marker::Bin8,src/value.rs,1,9,1804,2294,490
coreos__coreos-installer__9334eb79,coreos/coreos-installer,9334eb792543712a71abc3fae3b3de2ea65b6845,2023-12-15,nonfix,install: support grub2/50_coreos.cfg for console replacement,src/install.rs,1,14,2617,2903,286
apache__incubator-teaclave-sgx-sdk__9101341b,apache/incubator-teaclave-sgx-sdk,9101341b192bcd8e7632f77367adfc8218b054bc,2020-12-29,nonfix,force trigger uninit_global_object,sgx_tstd/src/rt.rs|sgx_tstd/src/sync/spinlock.rs,2,30,490,941,451
johnshaw__magnetic__a3de2661,johnshaw/magnetic,a3de266158d4297d3b5002f505f7064bb3c7a801,2025-02-20,nonfix,Single variant queue endpoints must be !Sync,src/mpsc.rs|src/spmc.rs|src/spsc.rs,3,10,1664,1976,312
diesel-rs__diesel__743d8b66,diesel-rs/diesel,743d8b66ecc58a9d9c7c19e731f98a16ca2a0b1a,2025-09-29,nonfix,"migrations: Append helpful URL to ""cannot run inside a transaction block"" errors",diesel_migrations/src/errors.rs,1,11,543,972,429
okready__scratchpad__1ef5ea45,okready/scratchpad,1ef5ea45c99f4f0d12c408de32179deb27b7dc5b,2018-05-24,nonfix,Use `ptr::write()` in append/prepend functions,src/marker.rs,1,14,5819,6025,206
awslabs__tough__1b120c92,awslabs/tough,1b120c924d8ee23b602b723b40d1e5a0002fc586,2019-12-04,nonfix,tuftool: Replace sha2 crate with ring::digest,tuftool/src/create.rs,1,31,3622,3925,303
Yoric__telemetry.rs__2d64cf58,Yoric/telemetry.rs,2d64cf589edb17016593ebe4033f1c93a8935823,2015-10-10,nonfix,Resolves #13 Add caching for SingleFlag,src/telemetry/mod.rs,1,37,781,1080,299
tokio-rs__prost__c2290c07,tokio-rs/prost,c2290c07958c3b1c58622fa50c237e302c495123,2018-01-08,nonfix,Add ServiceGenerator::finalize (#65),prost-build/src/code_generator.rs|prost-build/src/lib.rs,2,20,2798,3047,249
tauri-apps__tauri__55453e84,tauri-apps/tauri,55453e8453d927b8197f1ba9f26fd944482938f7,2025-10-08,nonfix,enhance(cli): check mismatched packages in `info` (#14262),crates/tauri-cli/src/info/mod.rs|crates/tauri-cli/src/info/plugins.rs,2,11,2671,2925,254
NilsIrl__MozWire__acd6c836,NilsIrl/MozWire,acd6c83681094aff990c62d486e11f7e059a182c,2020-08-16,nonfix,Rephrase help messages,src/main.rs,1,12,5028,5356,328
gnzlbg__slice_deque__cadd25a8,gnzlbg/slice_deque,cadd25a82afa903dc38d6a9fca12018ae8fa86f8,2018-01-13,nonfix,re-enable the zst tests,src/lib.rs,1,44,595,1092,497
fitzgen__bumpalo__d65e7690,fitzgen/bumpalo,d65e7690a798c7d897fe8ac1df930b0dc0fd467f,2021-10-18,nonfix,Add `iter_allocated_chunks_raw()`,src/lib.rs,1,60,591,829,238
rustgd__glsl-layout__f4b19880,rustgd/glsl-layout,f4b1988026aefc4d3fd2ea2464aaccdacfe2596b,2019-08-17,nonfix,Port to latest proc-macro crates,glsl-layout-derive/src/lib.rs,1,38,3651,4000,349
http-rs__async-h1__8005e42c,http-rs/async-h1,8005e42c690901505293c27f4294b5906be90557,2020-02-04,nonfix,feat(client): insert host header,src/client.rs,1,16,1618,1975,357
rust-lang__git2-rs__210c661d,rust-lang/git2-rs,210c661d987b6835cc028b2acd2e08264ae9d1db,2023-12-31,nonfix,"tree: tests: Make the test tree have 8 entries, to allow more thorough testing",src/tree.rs,1,43,3098,3617,519
hrektts__cdr-rs__cd6fbdcd,hrektts/cdr-rs,cd6fbdcd5df08203b9a43d7588d9d18a07dd07e0,2018-12-06,nonfix,replace costly modulo operation by cheap bitmask operation,src/de.rs|src/ser.rs,2,22,1007,1523,516
whisperfish__rust-phonenumber__dbbcfe6c,whisperfish/rust-phonenumber,dbbcfe6cecd4059594754784836325f4fb60a5c0,2026-06-03,nonfix,Make test compliant with new country_id method,src/phone_number.rs,1,5,235,446,211
rustgd__glsl-layout__4eec6341,rustgd/glsl-layout,4eec6341e19e079799caba388df32d2d2e8f29ee,2022-07-30,nonfix,Allow to use glam types as uniform attrs directly,src/glam.rs|src/uniform.rs,2,42,335,846,511
otake84__messagepack-rs__9e7cbfad,otake84/messagepack-rs,9e7cbfadc746b7d0ca34d1355d358166cc6db2b2,2019-07-22,nonfix,Implement serialize for Value::UInt8,src/value.rs,1,12,910,1450,540
dalek-cryptography__curve25519-dalek__2e5363c6,dalek-cryptography/curve25519-dalek,2e5363c6792adbee6cff01641d9fa042f5d4de2e,2018-07-15,nonfix,Cleanup verification variable declarations.,src/ed25519.rs,1,32,1852,2065,213
dfinity__candid__a6a413dd,dfinity/candid,a6a413dd569640392aac1210ae07b2a4ec3a0d07,2020-11-05,nonfix,Implement CandidType for std::time::Duration (#133),rust/candid/src/types/impls.rs,1,45,1246,1318,72
Enet4__bra-rs__2b3c455f,Enet4/bra-rs,2b3c455fb3563e8259458275b4f6fd245dd69c47,2019-03-14,nonfix,Rewrite greedy reader's fill_buf,src/greedy.rs,1,16,696,893,197
maciejhirsz__beef__2c79c654,maciejhirsz/beef,2c79c654f0a86e39d1574e371360964fc9e652a7,2020-03-14,nonfix,Avoid pointer casting,src/lib.rs,1,27,408,472,64
fltk-rs__fltk-rs__eef4edb3,fltk-rs/fltk-rs,eef4edb3e6156141ab3be92ff5152caad419388a,2024-06-28,nonfix,try using weak_framework in build/link.rs,fltk-sys/build/link.rs,1,6,7051,7181,130
tmccombs__tls-listener__6205b840,tmccombs/tls-listener,6205b840e4393b0ed46438391ac9c88fa25fec58,2022-03-19,nonfix,Add `replace_acceptor_pin`,src/lib.rs,1,15,207,357,150
rust-embedded__heapless__f5a26c04,rust-embedded/heapless,f5a26c04c4bdfe932928ef7a284b052cee66ff1d,2020-05-09,nonfix,histbuf: replace slow modulo operatins,src/histbuf.rs,1,11,243,388,145
Cisco-Talos__clamav__16fadc2e,Cisco-Talos/clamav,16fadc2eab8929e41b15600f64e80778fbe938e4,2024-07-08,nonfix,Added check for empty data,libclamav_rust/src/alz.rs|libclamav_rust/src/scanners.rs,2,10,1418,1477,59
apache__arrow-rs__078cf60f,apache/arrow-rs,078cf60f40ead9321c2facf8c31bc1b142d2816c,2026-06-28,nonfix,nit: arrow-pyarrow: Use string interning (#10224),arrow-pyarrow/src/lib.rs,1,72,3261,3437,176
jtgeibel__conduit-hyper__f0e4551b,jtgeibel/conduit-hyper,f0e4551b2bd68e8a242bab4ac52f5bd89b6a9d95,2019-08-21,nonfix,Switch to `tower_service` to be compatible with hyper master,src/lib.rs|src/tests.rs,2,11,1022,1077,55
RustCrypto__signatures__57a7cd75,RustCrypto/signatures,57a7cd75190a99e9fd2b064edbd215b2d15b9482,2026-06-06,nonfix,feat(ml-dsa): expose c_tilde getter on Signature (#1362),ml-dsa/src/lib.rs,1,5,372,453,81
stepancheg__rust-protobuf__35d451ac,stepancheg/rust-protobuf,35d451acff929fd2be5bea58934f64234bfb0373,2022-04-30,nonfix,Remove another function from rt,protobuf/src/reflect/dynamic/mod.rs|protobuf/src/rt/mod.rs,2,12,2389,2555,166
tokio-rs__mio__2e267a57,tokio-rs/mio,2e267a5773aa547260ffbf742d10ca03e5cf0fc2,2026-07-07,nonfix,Support NuttX (#1966),src/poll.rs|src/sys/unix/mod.rs|src/sys/unix/pipe.rs|src/sys/unix/tcp.rs,4,9,4916,4974,58
tokio-rs__slab__09cbd959,tokio-rs/slab,09cbd959298ab7a625fb19adb84f58b75e047a9f,2023-02-19,nonfix,Restructure early break in `recreate_vacant_list()` (#132),src/lib.rs,1,10,736,814,78
RustCrypto__signatures__91ab5ce0,RustCrypto/signatures,91ab5ce0ec6d028173e423e6972394d2ce8f4021,2026-07-16,nonfix,slh-dsa: replace num-bigint with crypto-bigint (#1422),slh-dsa/src/util.rs,1,9,588,677,89
nix-rust__nix__8db07014,nix-rust/nix,8db07014f499fb81557b1314b10f904b0142a48e,2023-12-11,nonfix,sys::mman adding MMAP_TRYFIXED for netbsdlike platforms. (#2260),src/sys/mman.rs,1,4,5135,5317,182
robbepop__string-interner__e739d019,robbepop/string-interner,e739d019fc6e66b159b9abc62bcb69516e8a0d40,2020-07-12,nonfix,remove some duplicated code,src/interner.rs|src/iter.rs|src/symbol.rs,3,25,1325,1382,57
rosenpass__rosenpass__109d6242,rosenpass/rosenpass,109d62422766db9ad1dc85c3e756d94417aec406,2023-12-07,nonfix,SID specific cookie storage,rosenpass/src/protocol.rs,1,36,8872,9021,149
RustCrypto__AEADs__f0f102e9,RustCrypto/AEADs,f0f102e904113f2de9085fbd53c322d8845681fb,2023-10-14,nonfix,aes-siv: generic nonce sizes for SivAead (#555),aes-siv/src/lib.rs,1,32,2396,2545,149
fastly__lucet__957c12a1,fastly/lucet,957c12a1e6a37c171478ddb542fe6eb6e28a5dfa,2020-03-13,nonfix,misc polish,lucet-runtime/lucet-runtime-internals/src/instance.rs|lucet-runtime/lucet-runtime-internals/src/instance/execution.rs,2,92,5437,5506,69
tokio-rs__axum__c486cc82,tokio-rs/axum,c486cc8207a98a015aca76cb84f26ab1c6940d83,2024-01-04,nonfix,"Implement `TypedPath` for `WithRejection<TypedPath, _>` (#2491)",axum-extra/src/extract/with_rejection.rs|axum-extra/src/routing/typed.rs,2,53,578,754,176
johnshaw__magnetic__97d42ee6,johnshaw/magnetic,97d42ee6f20bac4e128a2f17ffcc559d54977714,2022-07-24,nonfix,Add blanket Buffer impl for &mut T and Box<T>,src/buffer/mod.rs,1,28,694,793,99
paritytech__libsecp256k1__dfac819b,paritytech/libsecp256k1,dfac819bdda09036ab49d8e87e0f34f6d7098885,2017-11-16,nonfix,Add top-level verify and recover fn,src/lib.rs,1,8,218,385,167
jtgeibel__conduit-hyper__2dcd375c,jtgeibel/conduit-hyper,2dcd375c9be0dbfd8aa0158f90ac8878ba8130ff,2019-10-29,nonfix,Spawn a new task for blocking work,src/lib.rs,1,10,744,938,194
Yoric__telemetry.rs__e61fee75,Yoric/telemetry.rs,e61fee752d9abc87de8c0edf46c5bffabb2b3049,2015-10-09,nonfix,Now with a thread,src/telemetry/mod.rs,1,7,465,664,199
dimforge__nalgebra__5e10ca46,dimforge/nalgebra,5e10ca46cbbf9e6b5c68b26d4b3570669650db7b,2022-02-15,nonfix,Add another case for when eigenvalues should be mapped to zero. Make method private,nalgebra-lapack/src/generalized_eigenvalues.rs,1,14,589,751,162
dfinity__candid__b9d6cbff,dfinity/candid,b9d6cbff7bef73431b3b9573abcfbad9d4a6f9e2,2023-05-23,nonfix,support custom candid path for export_service (#421),rust/candid_derive/src/func.rs|rust/candid_derive/src/lib.rs,2,12,2885,3023,138
rust-lang__cargo__0e8fefa2,rust-lang/cargo,0e8fefa210ebb570ecb035fede0344d2386c551a,2025-12-05,nonfix,refactor(compile): Pull out search path creation,src/cargo/core/compiler/mod.rs,1,66,4036,4196,160
apache__incubator-teaclave-sgx-sdk__196ef144,apache/incubator-teaclave-sgx-sdk,196ef144da7113d7b1c32eb7fa46135674948e50,2022-03-29,nonfix,feat: new feature gate `initenv` to disable env ocalls on demand,sgx_tstd/src/rt.rs|sgx_tstd/src/sys/mod.rs,2,49,1175,1307,132
gnzlbg__slice_deque__2cdc094e,gnzlbg/slice_deque,2cdc094e06c3943d16eb62c2677addb02260ab55,2018-10-14,nonfix,formatting,src/lib.rs,1,14,1826,1898,72
alloy-rs__core__139a664b,alloy-rs/core,139a664b4b48ac8cabe114842726250f96768a0e,2025-09-26,nonfix,chore: tweak postgres.rs (#1018),crates/primitives/src/postgres.rs,1,38,477,587,110
nvzqz__fruity__90c69f75,nvzqz/fruity,90c69f755f65f37fbbb83ddb57ed202304280cda,2022-04-08,nonfix,Make `objc::ClassType::class` safe by default,src/objc/class_type.rs|src/objc/macros.rs,2,30,290,408,118
AsfhtgkDavid__theshit__31036c4a,AsfhtgkDavid/theshit,31036c4ac869fdcf5f4457b516ea2cb4e10302d3,2026-02-26,nonfix,refactor: Move get aliases outside fn,src/shells/bash.rs|src/shells/fish.rs|src/shells/generic.rs|src/shells/zsh.rs,4,30,3613,3701,88
bytecodealliance__cap-std__2a0cb7a9,bytecodealliance/cap-std,2a0cb7a950cd569f188ec96ee04b5c9bc16f3a5e,2023-02-03,nonfix,Update to windows-sys 0.45. (#294),cap-primitives/src/windows/fs/reopen_impl.rs,1,6,2556,2694,138
rust-ammonia__ammonia__eeebed04,rust-ammonia/ammonia,eeebed0428cd6d575092a413949abe8da402d6a8,2015-09-04,nonfix,"Update to latest html5ever, and push to Crates.IO.",src/lib.rs,1,8,4886,4952,66
tokio-rs__slab__b68a2ac4,tokio-rs/slab,b68a2ac4003e2866198de584d42e9564298d0cea,2021-08-09,nonfix,Add alternate debug output for listing items in the slab (#108),src/lib.rs,1,12,207,337,130
diem__diem__5762f4f9,diem/diem,5762f4f9b3910897d03ccdc6e1f28f37c7f587bf,2021-07-19,nonfix,[move-prover] add ResourceDomain for type instantiation,language/move-model/src/ty.rs,1,5,2479,2622,143
stellar__rs-stellar-strkey__22bc4e53,stellar/rs-stellar-strkey,22bc4e53dbcc3878eef086816c09d188d2d3c194,2024-09-03,nonfix,Change the base32 lib to data-encoding (#65),src/convert.rs,1,11,1310,890,-420
ibabushkin__arenavec__4b38dbbb,ibabushkin/arenavec,4b38dbbbf4c1275d9652edeb59099ae9ba217911,2019-07-29,nonfix,Added `SliceVec::split_off`.,src/common.rs,1,24,5844,419,-5425
waycrate__swhkd__f77fb604,waycrate/swhkd,f77fb6049b1d6c4bb88d2f71103e0e59fbdd7ed4,2022-01-23,nonfix,[update] Remove clap from server.rs,src/server.rs,1,20,3103,2677,-426
hyperium__hyper__be18a92b,hyperium/hyper,be18a92bb51498a2113dcfe15d9da09e1c6c7b0d,2025-11-25,nonfix,refactor(http1): replace many args of Chunked::step with struct (#3982),src/proto/h1/decode.rs,1,92,8132,7704,-428
rust-embedded__heapless__34def0f9,rust-embedded/heapless,34def0f98f0f3a697e92b9cde15143faeddd38d4,2018-06-10,nonfix,Added Consumer::ready and Producer::ready indicating if it is ready to enqueue/dequeue.,src/ring_buffer/mod.rs|src/ring_buffer/spsc.rs,2,51,4520,1808,-2712
alloy-rs__core__7fbd34b4,alloy-rs/core,7fbd34b431d8f8593f7fb6500056ca9a62d34917,2025-05-01,nonfix,feat: added standalone format_units_with (#947),crates/primitives/src/utils/mod.rs|crates/primitives/src/utils/units.rs,2,21,1250,359,-891
metrics-rs__metrics__ff4795e7,metrics-rs/metrics,ff4795e74fbe97eb51bf2061961ea2f430222431,2020-10-17,nonfix,Add a const constructor for KeyData (#106),metrics/src/key.rs,1,10,1597,175,-1422
reem__rust-ordered-float__2d6c541d,reem/rust-ordered-float,2d6c541decb5e57800dcfd44e9705a94c31e098e,2022-11-06,nonfix,Add support for bytemuck,src/lib.rs,1,40,2887,462,-2425
jeromefroe__lru-rs__066d9bff,jeromefroe/lru-rs,066d9bffefba45945ee488481357ae9fdf5eb6a6,2025-01-23,nonfix,Add peek_mru pop_mru,src/lib.rs,1,127,922,3558,2636
sodiumoxide__sodiumoxide__1c3d7ad2,sodiumoxide/sodiumoxide,1c3d7ad2bd3e98350e3e18a52adb74207f8f0f38,2014-12-03,nonfix,libsodium-sys: added stream constant and tests for stream constants,libsodium-sys/lib.rs,1,127,1350,4535,3185
alloy-rs__core__9a19cded,alloy-rs/core,9a19cded6af89c5f66c72aabde6e27af26cda42c,2026-03-25,nonfix,perf: add Token::decode_many_from for batch decoding (#1089),crates/sol-types/src/abi/token.rs|crates/sol-types/src/impl_core.rs,2,143,2225,3789,1564
acw__simple_asn1__47a5140b,acw/simple_asn1,47a5140bf29abf33e143bc6d53322eeb4979d686,2019-12-13,nonfix,feat(as_raw) impl as_raw for OID,src/lib.rs,1,112,272,4029,3757
rust-vmm__vm-memory__68e1cc6d,rust-vmm/vm-memory,68e1cc6d470aacaff87696b1a48ec21f1a3eec5d,2020-09-20,nonfix,Optimize copy_to/from() for u8/i8 slice,src/volatile_memory.rs,1,114,2518,4631,2113
RustCrypto__signatures__393d4e0c,RustCrypto/signatures,393d4e0c4f88db462f07c332aa703c3879efe2b7,2025-09-01,nonfix,ml-dsa: Add support for external mu (#1023),ml-dsa/src/lib.rs,1,118,3035,5317,2282
rust-lang__regex__f7da828a,rust-lang/regex,f7da828ab0f9a9bd4a664fbb06378231b7e0d4f5,2023-04-17,nonfix,syntax: simplify single char alternations,regex-syntax/src/debug.rs|regex-syntax/src/hir/mod.rs|regex-syntax/src/hir/print.rs|regex-syntax/src/hir/translate.rs,4,138,5126,7822,2696
okready__scratchpad__6c4faab1,okready/scratchpad,6c4faab11b0cafdb079ee07b705407c230705de6,2018-04-29,nonfix,Add `Marker::concat()`,src/lib.rs,1,106,7692,9407,1715
trillium-rs__trillium__f427b715,trillium-rs/trillium,f427b715b89342b562e6d2b8f83514b704e77048,2026-06-21,nonfix,perf(http): improve Buffer,http/src/buffer.rs,1,82,309,3404,3095
constantoine__totp-rs__bacf1c4f,constantoine/totp-rs,bacf1c4fb4d407879af640eed4a0f4e449e16ec7,2022-05-05,nonfix,"Switch to qrcodegen, and update image dependency",src/lib.rs,1,77,959,3079,2120
CosmWasm__cosmwasm__8c07f47d,CosmWasm/cosmwasm,8c07f47d0ded535d566bf48549365a04a0f9f6d4,2022-09-12,nonfix,schema-derive: support unit-like enum variants,packages/schema/src/query_response.rs,1,54,1702,3369,1667
metrics-rs__metrics__bec950f0,metrics-rs/metrics,bec950f069cd91d766fc8e227b71edf0edebb362,2026-03-12,nonfix,feat(metrics-util): Expose true count and sum on Drain for reservoir sampling (#681),metrics-util/src/storage/reservoir.rs,1,107,1380,3891,2511
libp2p__rust-libp2p__f096394f,libp2p/rust-libp2p,f096394fe5af787565c35113d51b3aad20502590,2025-01-07,nonfix,feat(request-response): allow custom sizes for `json` and `cbor` codec,protocols/request-response/src/cbor.rs|protocols/request-response/src/json.rs,2,78,1952,3685,1733
hyperium__tonic__e0ea5d09,hyperium/tonic,e0ea5d09c70f453f29efd2496a48f439b02c1d3f,2025-04-23,nonfix,feat: preserve request user-agent (#2250),tonic/src/transport/channel/service/user_agent.rs,1,93,579,2354,1775
AsfhtgkDavid__theshit__882fc5bb,AsfhtgkDavid/theshit,882fc5bb20bd8fe64806261f1553df564e42b819,2026-02-27,nonfix,test: Add tests for find_shell,src/shells/helpers.rs,1,125,457,4106,3649
shadowsocks__crypto2__773d32d4,shadowsocks/crypto2,773d32d4822ff0e13c8cd86c6ad44b1afa0c6cc8,2020-12-30,nonfix,Update src/blockmode/siv.rs,src/blockmode/siv.rs,1,119,6425,9867,3442
rusqlite__rusqlite__3baf7b10,rusqlite/rusqlite,3baf7b10f81befb6d338e9867dfa29150aa83e0d,2015-12-11,nonfix,Add unit test demonstrating a closure-based UDF.,src/functions.rs,1,73,2928,5098,2170
rusqlite__rusqlite__b9ab3350,rusqlite/rusqlite,b9ab3350eaea7a861b861e3e92e7fb6c0aaf2290,2015-08-09,nonfix,Add regexp() function implementation,src/functions.rs|src/lib.rs|src/types.rs,3,129,1980,3791,1811
fadeevab__cocoon__021b1a2e,fadeevab/cocoon,021b1a2eabdf2cd4b286371b2818f505aab435f1,2020-08-29,nonfix,Add cipher support to MiniCocoon,src/mini.rs,1,105,4565,6832,2267
skytable__skytable__02628d6f,skytable/skytable,02628d6ff33c94de025e94cdb1b711dc054a5bcf,2021-09-07,nonfix,Add `REMOVE` subaction to `lmod`,server/src/actions/lists/mod.rs,1,38,1867,3373,1506
reem__rust-ordered-float__696f5ef7,reem/rust-ordered-float,696f5ef711eb1607280529260e5e325cb6fe25f4,2021-05-24,nonfix,Implement traits from the 'rand' crate.,src/lib.rs,1,151,181,2446,2265
alloy-rs__core__8e752b74,alloy-rs/core,8e752b74351c4629876789f92fbe9610abd00c7e,2026-05-25,nonfix,feat: keccak cache stats (#1114),crates/primitives/src/utils/keccak_cache.rs|crates/primitives/src/utils/mod.rs,2,122,551,2625,2074
BurntSushi__ripgrep__5e2d32fe,BurntSushi/ripgrep,5e2d32fe7f3b7dcf768ffc1264dabe83e00ccaec,2025-09-19,nonfix,printer: slightly simplify code,crates/printer/src/standard.rs,1,6,605,557,-48
crossbeam-rs__crossbeam__d3fbfc3d,crossbeam-rs/crossbeam,d3fbfc3da460d594eab5dea775ddeef8b9e35efb,2018-10-03,nonfix,Remove unnecesary read,src/flavors/list.rs,1,4,1297,1291,-6
briansmith__ring__f2f531a4,briansmith/ring,f2f531a450a13fb78125750bb37138b3b58836a3,2025-07-28,nonfix,arithmetic internals: Derive aliasing const pointer from mut explicitly.,src/arithmetic/bigint.rs|src/arithmetic/inout.rs|src/arithmetic/montgomery.rs,3,29,911,880,-31
CosmWasm__cosmwasm__41632e07,CosmWasm/cosmwasm,41632e0745100ee9e39f2fd317d55e7b97e924c6,2024-04-24,nonfix,Update packages/derive/src/lib.rs,packages/derive/src/lib.rs,1,8,2384,2348,-36
lettre__lettre__6afc0785,lettre/lettre,6afc078545fbc1288a73aa19796f81fdbaa7e705,2020-10-19,nonfix,Avoid boxing the rustls stream (#486),src/transport/smtp/client/async_net.rs|src/transport/smtp/client/net.rs,2,18,5551,5506,-45
websockets-rs__rust-websocket__d93d3eca,websockets-rs/rust-websocket,d93d3ecad38d2d4fc3e33d554616cece8345b0f8,2020-01-06,nonfix,Replace sha1 crate with sha-1,websocket-base/src/header.rs,1,8,366,317,-49
nvzqz__fruity__92dfabe7,nvzqz/fruity,92dfabe76572c2e452ced76c47c55f64ad2ac333,2020-09-23,nonfix,Implement `NSString` comparison against `str`,src/foundation/ns_string/mod.rs,1,153,214,208,-6
briansmith__ring__4917a483,briansmith/ring,4917a48366f4e885b4949fb2dc2e7df1d2d949ce,2026-03-21,nonfix,ec internals: Make P-384 scalar inversion slightly more efficient.,src/ec/suite_b/ops/p384.rs,1,71,4517,4475,-42
rwf2__Rocket__8058798a,rwf2/Rocket,8058798a4c479557f2d9a4698e7b1e4747932e3c,2021-07-02,nonfix,Properly propagate profile to 'Config' on ignite.,core/lib/src/config/config.rs|core/lib/src/rocket.rs,2,19,8223,8181,-42
Yoric__telemetry.rs__befef042,Yoric/telemetry.rs,befef0429f5e34ed4a60996c0819501d05dfa622,2015-10-10,nonfix,Flatten is not generic anymore,src/telemetry/mod.rs,1,16,1834,1814,-20
websockets-rs__rust-websocket__570d8608,websockets-rs/rust-websocket,570d860834d34deb694aeb8345c2da6a48314be0,2017-05-22,nonfix,Added default constructors for codecs.,src/codec.rs,1,20,1143,1105,-38
dfinity__candid__1c383a7e,dfinity/candid,1c383a7e87091ce344c6a4f0da1bd07bdf553d92,2023-08-30,nonfix,remove arc_type feature (#463),rust/candid/src/types/internal.rs,1,14,2995,2992,-3
cloudflare__pingora__d9e6d7a3,cloudflare/pingora,d9e6d7a3a3cf17c91bbc8098a335a0bc24736f0c,2026-06-03,nonfix,Use valid paths in header serialization tests,pingora-http/src/lib.rs,1,4,4414,4412,-2
nabijaczleweli__safe-transmute-rs__9b8fc577,nabijaczleweli/safe-transmute-rs,9b8fc577cf60f269faeae62801d0d9405e10fc86,2019-04-24,nonfix,Formatting and redundancy,src/error.rs,1,17,823,778,-45
tiby312__reorder__8ff438a9,tiby312/reorder,8ff438a96b5e5b9af762e65a708c5bfdf60a73fe,2021-04-14,nonfix,simplify api,src/lib.rs,1,26,903,901,-2
okready__scratchpad__5b2e181e,okready/scratchpad,5b2e181ecca10fe5fbe79124280ff8ec7d8dfc6d,2018-04-30,nonfix,Remove `'t` lifetime parameter from `Allocation`,src/lib.rs,1,139,2208,2161,-47
RustCrypto__AEADs__00c42304,RustCrypto/AEADs,00c42304b3c865f97c4a27e4b160eaa8404e02d1,2022-07-20,nonfix,Replace `Choice::unwrap_u8` calls with `Into` (#441),aes-gcm/src/lib.rs|ccm/src/lib.rs|eax/src/lib.rs|eax/src/online.rs,4,18,4362,4319,-43
robbepop__string-interner__1180394a,robbepop/string-interner,1180394ad524bc15a525a00af3374e2bafde0d28,2020-07-15,nonfix,ignore faulty memory consumption tests by default,src/tests.rs,1,5,1906,1904,-2
fltk-rs__fltk-rs__b5f80d91,fltk-rs/fltk-rs,b5f80d9113c0d75a8760ab3371aa732020f4daca,2025-02-25,nonfix,update formatting,fltk/src/draw/routines.rs|fltk/src/group.rs,2,10,265,238,-27
BurntSushi__ripgrep__a60e62d9,BurntSushi/ripgrep,a60e62d9ac559b1468d4dd27b80a7b662a600e0c,2025-09-19,nonfix,rust: move to Rust 2024,crates/core/flags/hiargs.rs|crates/printer/src/hyperlink/mod.rs|crates/regex/src/ban.rs,3,10,6537,6528,-9
robbepop__string-interner__0d19f933,robbepop/string-interner,0d19f933d848a7068083d429a6b04a7534821d49,2021-03-19,nonfix,remove S: Symbol trait bound from interner backends,src/backend/bucket/mod.rs|src/backend/simple.rs,2,10,1116,1074,-42
tafia__calamine__72149533,tafia/calamine,721495337339720be5fb633743188a74c0c5b5fa,2017-02-06,nonfix,implement inlineStr cell content parsing,src/xlsx.rs,1,133,3284,8013,4729
AsfhtgkDavid__theshit__0fc1b4f7,AsfhtgkDavid/theshit,0fc1b4f701171346848fd4f3b3faa967442108fb,2025-08-22,nonfix,Implement timeout functionality for command execution,src/fix.rs,1,128,4720,9025,4305
matrix-org__matrix-rust-sdk__621d936b,matrix-org/matrix-rust-sdk,621d936b4c6e9a256a0d461b778b8c7c753e1fd6,2025-11-07,nonfix,feat(redecryptor): Let the redecryptor listen to room key withheld updates,crates/matrix-sdk/src/event_cache/redecryptor.rs,1,138,5082,9254,4172
RustCrypto__RSA__b513ee39,RustCrypto/RSA,b513ee399837ba38796a6336d9e1501c2c0e195e,2023-11-11,nonfix,Deterministic implementation of prime factors recovery (#380),src/algorithms/rsa.rs|src/errors.rs|src/key.rs,3,104,3355,7633,4278
uutils__coreutils__621dde69,uutils/coreutils,621dde69a4c8c42e4cab253522eba1d0da29bedf,2026-08-30,nonfix,ln: clarify exclusive pattern,src/uu/ln/src/ln.rs,1,31,1263,1108,-155
ogham__rust-users__1c7d73c0,ogham/rust-users,1c7d73c01c7218cfaab7e4529e34b92a6b2331d0,2016-01-28,nonfix,Move *all* the OS functionality inside modules,src/base.rs,1,140,2357,2077,-280
thepowersgang__stack_dst-rs__73d2da44,thepowersgang/stack_dst-rs,73d2da44f7e9679688f2358450808e9779b6e341,2020-01-26,nonfix,replace some 'match' stmts with idiomatic method calls,src/stack.rs|src/value/mod.rs,2,52,1768,1358,-410
tokio-rs__slab__5476efca,tokio-rs/slab,5476efcafbc5ef4d7315b1bea3f756d8a1fe975e,2016-06-20,nonfix,Replace Index w/ From & Into,src/lib.rs,1,78,2756,2634,-122
thepowersgang__stack_dst-rs__2c855ff6,thepowersgang/stack_dst-rs,2c855ff6152cc81eba58a52536a53d80325e115d,2024-02-25,bugfix,Value Impls - Add `Iterator::size_hint` forward and a few others (fixes #13),src/value/trait_impls.rs,1,21,164,479,315
mersinvald__autorand-rs__cdb4b324,mersinvald/autorand-rs,cdb4b324982dc935b89cc346392c26e873b559a3,2019-04-24,bugfix,fix: floating point arithmetic error causing mismatches when used with serde_json,src/lib.rs|test_crate/src/lib.rs,2,43,336,917,581
acw__simple_asn1__7c8e01f5,acw/simple_asn1,7c8e01f5b2c7c2659c8bf5db0c25a124deb62a88,2019-09-12,bugfix,BigUint(0) bug fixed (encode_base127),src/lib.rs,1,13,712,991,279
AsfhtgkDavid__theshit__9c835d2c,AsfhtgkDavid/theshit,9c835d2cb0b98566cc91d487f4e9f45bbb1281a5,2025-11-01,bugfix,test: fix test with equals sign,src/shells/bash.rs|src/shells/zsh.rs,2,10,700,778,78
longshorej__conqueue__efb2d475,longshorej/conqueue,efb2d47507cd9d37444eedb2f2d20410dd476101,2019-08-28,bugfix,Handle orphaned items,src/lib.rs,1,71,1832,2026,194
mersinvald__autorand-rs__fa7c0186,mersinvald/autorand-rs,fa7c0186adb89170fc7fd9d4cab7ab6106407c7c,2019-04-24,bugfix,fix: generation fail on trailing comma in where clause,autorand-derive/src/lib.rs,1,22,1354,1402,48
thepowersgang__stack_dst-rs__e059cc8f,thepowersgang/stack_dst-rs,e059cc8fc8033807b329af21fae03edaefe34488,2020-01-12,bugfix,"Fix trait impls, add `new_or_boxed` to fall back to boxing if the object can't fit",src/lib.rs|src/value.rs|src/value/trait_impls.rs,3,63,960,1318,358
qwertz19281__rust_utils__473447e7,qwertz19281/rust_utils,473447e77a14d935b705088a134f1cc71633311e,2020-01-24,bugfix,tuple avg; fixed rc size,src/imp/tuple.rs|src/refc/imp.rs,2,40,344,634,290
johnshaw__magnetic__07484446,johnshaw/magnetic,074844463245727ae9c4192f7d0a6ec0a4ae6feb,2020-11-29,bugfix,Add T: Send for Send impls of producer/consumer Fix for issue #9 .,src/mpmc.rs|src/mpsc.rs|src/spmc.rs|src/spsc.rs,4,26,240,264,24
tmccombs__tls-listener__6bd78b65,tmccombs/tls-listener,6bd78b6541074524030343150f11ddeec298cef6,2023-09-28,bugfix,feat!: Add a new error type for handshake timeouts,src/lib.rs,1,23,1447,1630,183
Alexhuszagh__rust-stackvector__ea3f7c9a,Alexhuszagh/rust-stackvector,ea3f7c9a647e19981c2302ef6d68d0774cf379e8,2021-04-12,bugfix,Fixed a compiler regression optimizing to None with Option<StackVec>,src/lib.rs,1,41,2214,2410,196
AsfhtgkDavid__theshit__2a19781b,AsfhtgkDavid/theshit,2a19781b74af06518c46385c0910d96e315fabfa,2025-08-12,bugfix,fix: add missed getting bash's aliases,src/shells/bash.rs,1,12,1267,1383,116
apache__arrow-rs__4a906159,apache/arrow-rs,4a9061597a3c372a76e3ab3c38988ef1d0df2410,2026-06-18,bugfix,Add arrow-flight test coverage for IPC compression (#10097),arrow-flight/src/encode.rs,1,36,993,2210,1217
thepowersgang__stack_dst-rs__dbfc8632,thepowersgang/stack_dst-rs,dbfc86328feb6990aa2794d2f913a9ec53b23b97,2023-06-25,bugfix,Fix `cargo miri` error - #10,src/fifo.rs,1,10,1458,1473,15
apache__arrow-rs__d628e58b,apache/arrow-rs,d628e58b21461ef40d3f6652688710a78dd627b8,2026-06-19,bugfix,fix: handle Avro reader schema with no fields (#9611),arrow-avro/src/reader/async_reader/mod.rs|arrow-avro/src/reader/record.rs,2,65,2679,4646,1967
maciejhirsz__beef__663aa908,maciejhirsz/beef,663aa908fe63ac5931c4612d527542d2b1cad202,2020-03-14,bugfix,Fix str::owned_ptr,src/lib.rs,1,5,183,245,62
apache__arrow-rs__9928b7c6,apache/arrow-rs,9928b7c6b7636ea2cbbedb212faa927de8fcccdd,2026-08-22,bugfix,fix: `try_binary` dropped the logical nulls of run and dictionary arrays (#10748),arrow-arith/src/arity.rs,1,51,2760,4808,2048
NilsIrl__MozWire__63c07ef5,NilsIrl/MozWire,63c07ef5304c9c4079a96b18e9fdb475716c84dd,2020-08-24,bugfix,Fix about of `device add` subcommand,src/main.rs,1,5,7552,7701,149
Cisco-Talos__clamav__87e4a342,Cisco-Talos/clamav,87e4a34207a739d784b2ad95afd0f1210ce35841,2024-07-08,bugfix,Added error checking for null/empty strings to prevent bad reads,libclamav_rust/src/scanners.rs,1,11,1037,1139,102
Cisco-Talos__clamav__e9f4ae1f,Cisco-Talos/clamav,e9f4ae1f0907d0acf424bb388cc5bd8fb749919c,2026-03-04,bugfix,Fix based on code review,libclamav_rust/src/util.rs,1,4,985,1007,22
AsfhtgkDavid__theshit__d111fac2,AsfhtgkDavid/theshit,d111fac24bb6907cbf07a782ab486801f24f1847,2026-02-27,bugfix,refactor: replace remaining unwraps with expects in fix.rs,src/fix.rs,1,9,4449,4624,175
acw__simple_asn1__823fc31f,acw/simple_asn1,823fc31f6f9ba0636207226901f46d50eb1fdd01,2018-10-26,bugfix,"Add Display and Error implementations for ASN1DecodeError, plus some context.",src/lib.rs,1,73,8848,9974,1126
acw__simple_asn1__b72f3849,acw/simple_asn1,b72f3849894111d207f6478cf0f872d494ceea6f,2019-03-29,bugfix,"Test reparsing generated GeneralizedTimes, to expose a bug that's about to get fixed.",src/lib.rs,1,15,438,1139,701
tmccombs__tls-listener__f7d0e53e,tmccombs/tls-listener,f7d0e53efa894315e8b45f7232ffb35023e5e78b,2022-03-08,bugfix,Make it so that TlsListener is Send when using native-tls,src/lib.rs,1,4,489,503,14
Cisco-Talos__clamav__1132209e,Cisco-Talos/clamav,1132209ef53744439c7054988bc07f7654955a46,2023-12-14,bugfix,Fix C/Rust FFI pointer type to resolve arm64 compatibility issue and update generated sys.rs,libclamav_rust/src/sys.rs|libclamav_rust/src/util.rs,2,61,217,237,20
tmccombs__tls-listener__050ce86c,tmccombs/tls-listener,050ce86c1546ae2f8b403255cc08982ef843569c,2019-01-30,bugfix,Format fixes,src/lib.rs,1,89,2276,2389,113
return__branca__b301d0e2,return/branca,b301d0e2d193f3682c7f9a3fbf68180c2c39e3e9,2020-02-21,bugfix,Fix invalid ExpiredToken error (#3),src/lib.rs,1,20,3718,3693,-25
cloudflare__odoh-rs__81495e13,cloudflare/odoh-rs,81495e1334c6ac4a87599d1d5fa0d96c1e92a735,2026-07-10,bugfix,Fix hash choice at the top of the file,src/protocol.rs,1,8,1178,1172,-6
Alexhuszagh__rust-stackvector__62d82cc3,Alexhuszagh/rust-stackvector,62d82cc33dba9b0a8382fc467738a46aad421e07,2021-04-12,bugfix,Fixed issues with no_std and updated tests.,src/lib.rs,1,23,2708,2623,-85
Alexhuszagh__rust-stackvector__a0dc1d1e,Alexhuszagh/rust-stackvector,a0dc1d1e198b1276b23294fd8878ffacb9e2a2ee,2026-06-30,bugfix,Fix support on no_std and enable by default.,src/lib.rs,1,65,4856,4828,-28
cloudflare__pingora__71c9fd2b,cloudflare/pingora,71c9fd2b94a96eec9e015fd0fd269cbbcdd1bfa3,2025-11-21,bugfix,fix,pingora-boringssl/src/boring_tokio.rs|pingora-core/src/connectors/tls/boringssl_openssl/mod.rs,2,4,4966,4957,-9
hrektts__cdr-rs__c2f392e8,hrektts/cdr-rs,c2f392e8dc380ba9d50e8be258be0749a3c8a6ac,2023-06-28,bugfix,Use `thiserror` to define 'Error' (#17),src/error.rs,1,80,1903,947,-956
cloudflare__pingora__4d873505,cloudflare/pingora,4d873505d30f64c68e125556b8bb1faf70653fad,2025-11-21,bugfix,fix,pingora-boringssl/src/boring_tokio.rs|pingora-core/src/protocols/l4/ext.rs,2,8,1215,1150,-65
shadowsocks__crypto2__5e8280a5,shadowsocks/crypto2,5e8280a525ec906f205f39da68911a3ab0013e10,2020-11-20,bugfix,Fix AArch64 intrinsics.,src/mac/ghash/aarch64.rs|src/mac/polyval/aarch64.rs,2,20,1726,1402,-324
hrektts__cdr-rs__f58a83a7,hrektts/cdr-rs,f58a83a703b2cad173c9dbcc8f148d41d3c3a436,2021-03-21,bugfix,Return error on unsupported type,src/size.rs,1,7,257,246,-11
SolraBizna__outer_cgi__9a7de8af,SolraBizna/outer_cgi,9a7de8af5b54fccfea8f33001c32cecada06a79a,2021-03-30,bugfix,"Fix remaining, ESPECIALLY unnecessary, uses of uninitialized memory",src/fcgi.rs,1,8,1444,1336,-108
maciejhirsz__beef__f8236434,maciejhirsz/beef,f8236434842e5cc7eda7af9af76f3f2df03bff58,2020-04-22,bugfix,Implement PartialOrd and Ord for Cow and fix Eq impl (#29),src/generic.rs|src/lib.rs,2,73,4134,1761,-2373
comex__rust-shlex__6db4704f,comex/rust-shlex,6db4704fcad8393dd6947b1d31720327546a84a2,2021-02-03,bugfix,Fix #6,src/lib.rs,1,15,901,371,-530
KizzyCode__tiny_future-rust__76e15a4b,KizzyCode/tiny_future-rust,76e15a4b78f80febcf7533e4e38284793aca171d,2018-02-25,bugfix,Fixed bug in `access_shared_state`,src/lib.rs,1,4,234,218,-16
mersinvald__autorand-rs__06b25f25,mersinvald/autorand-rs,06b25f25bceb83e7de9d8080204999d97a475778,2019-05-07,bugfix,fix(test): regenerate number every iteration instead of testing serde_json stability,test_crate/src/lib.rs,1,11,552,544,-8
shadowsocks__crypto2__f1eeeb72,shadowsocks/crypto2,f1eeeb7265297d75e7202f1a272b69638bdd383a,2022-01-20,bugfix,fixed build on aarch64,src/lib.rs|src/mac/ghash/dynamic.rs,2,4,507,507,0
qwertz19281__rust_utils__d58605cc,qwertz19281/rust_utils,d58605ccbbbe4931c122d5b5002251e6e8a47e78,2020-05-23,bugfix,arc_slice: fixes,src/arc_slice/imp.rs,1,38,1280,1152,-128
